"MLE","NBE","MCMC"
0.00671488811665771,0.000742709671612829,0.0113621888688619
0.00635495491004032,0.00245160207850859,0.0108114134127416
0.020242405270939,0.0157569856382906,0.0278174276599282
0.0207685586565904,0.0168687161058187,0.0287869365426021
0.0226376592222638,0.0200837086886168,0.0305147113272664
0.0715105902900727,0.0572192650288343,0.0807585385169169
0.00596251308934011,0.000468631929834373,0.0105324708926948
0.00732532263123496,0.000301979889627546,0.0123367470586178
0.0141142553613312,0.00576285272836685,0.0209180983138607
0.147681181456841,0.126233018934727,0.157772922496783
0.0247767714522626,0.0207300828769803,0.0337111609141883
0.14488184445802,0.118332106620073,0.154581250331759
0.00797319125218612,0.00287553726229817,0.0127467415328736
1.20928501473787,1.16981315612793,1.00629045581575
0.157120220911158,0.0856670252978802,0.165764722426372
1.27231460365572,1.23542499542236,1.05389741195577
0.0114279021539103,0.00321390270255506,0.0176326120771039
0.0400890536189727,0.0247737858444452,0.0489154410529239
0.0125292740399744,0.00472089159302413,0.0187276525751617
0.00011198101083157,5.2918237975618e-25,0.000657569542430862
1.31333962458157,1.26550507545471,1.07776361267586
0.0013969878663167,1.59977741276407e-07,0.00360398406545701
0.0110797108518824,0.00569307478144765,0.0164277361605248
1.24712196312297,1.21352219581604,1.02160180483974
0.0159089819575583,0.00954101700335741,0.0224182969003348
0.00494430199887579,0.000598261278355494,0.00875150319521931
0.00315628636681099,0.000100083751021884,0.00609665249064743
0.00126890266511868,2.50156549697067e-07,0.00318217136931195
0.442627364262201,0.358873069286346,0.413986472505258
0.0485296425046972,0.0395533014088869,0.0577384412815357
0.0148492267241201,0.011208429466933,0.0211578457265417
0.0193073472776509,0.00401306094136089,0.0273560438536238
0.00257672207559208,4.94423636610009e-06,0.00549811402237608
0.000171522021798734,3.68310012424513e-20,0.000886699312579122
0.561090189876034,0.467261463403702,0.511778083974754
0.011971926663979,0.00160027685342357,0.0183351148372454
0.00809067266011054,0.0032465549884364,0.0132331501615448
0.010360902209114,0.00215561676304787,0.0159892868767092
0.0201053614381193,0.0194336958229542,0.0283316202096054
1.98597493018305e-06,0,6.6890307321205e-05
0.162516573686351,0.130373202264309,0.169432385619328
0.00465893197958538,0.000115078295493731,0.00867823609884919
0.224325967802381,0.188988670706749,0.230172144307305
0.00349806658598468,3.85915918741375e-05,0.00719022680410732
0.00162943075083359,4.7461892904721e-07,0.00387530504726378
0.0269358423239795,0.0242102164775133,0.0362454678756919
0.000481042798491369,9.92996494492832e-12,0.00177415175402275
0.0301128536904367,0.0202055191621184,0.0400245547856911
0.0190297071824373,0.0145834740251303,0.0261804196422761
0.00464002902163658,0.000249579068622552,0.00910032027696049
0.0465012505675969,0.0480984337627888,0.0564071852978171
0.00156413466260024,3.5264372399979e-07,0.0040285571316635
0.00542854610408618,0.000332873198203743,0.00905652695855842
1.156212566849,1.09985488653183,0.962625503253143
0.00362011736439298,0.000130977809021715,0.00723253350016185
1.208315859223,1.17002749443054,1.0067886036251
2.11788845220545,1.84465634822845,1.60378718431652
0.977998904982044,0.902318894863129,0.839551788233109
0.0154036921668834,0.00863144313916564,0.0217894070716911
1.45734485194891,1.42655396461487,1.17842380322723
2.88395198492826,2.19901299476624,2.09073685933402
0.624686819445998,0.51535439491272,0.565159209835009
0.023829833937045,0.0185661483556032,0.0311517970260967
0.00482577198127699,0.000358174977009185,0.00865934066648374
6.36757306300969e-05,1.47056417300713e-31,0.000472488341945708
0.0576473203653785,0.0499863661825657,0.0685733671066444
0.00291968228850297,4.52970116384677e-05,0.00579591453873678
0.000549090901335521,3.49063752078452e-12,0.00188918434517253
0.699693207039654,0.598703235387802,0.623455600866795
0.0147321806681104,0.00297422963194549,0.0223710666861848
0.0307974743788786,0.0231316378340125,0.0417990342773062
0.0144964971818807,0.0128064549062401,0.0221993350063626
0.000117539932107862,1.76556366204895e-23,0.000685393001096995
0.0278793683862782,0.0232594572007656,0.0374734756665202
0.0103140496080144,0.00415947975125164,0.015752886280467
0.00112241608527637,3.53660363217045e-08,0.00302019610452751
0.0149340874531039,0.0115287699736655,0.021229455896568
1.07034500287406,0.997682154178619,0.889441126372048
0.0132570752747037,0.00584013573825359,0.0200734753703272
0.0118505015975746,0.00961415399797261,0.0177126154807649
0.0254921524688311,0.0197380911558867,0.0339824036780319
0.00598373782930838,0.000847976392833516,0.010464120309049
0.0168505489264339,0.0144021748565137,0.024103196096647
0.0167575282726794,0.0158426030538976,0.0233237865688249
1.50384200944441e-05,0,0.000200172146694246
0.41629806274348,0.344146445393562,0.395202072567708
0.844460314023139,0.752059757709503,0.735614234557935
0.0300915597136648,0.0240307580679655,0.0371610561272306
1.55236519346486,1.52410715818405,1.23536272719051
2.00815651435661,1.8164958357811,1.53150353688182
0.00526124105370694,0.000437537732068449,0.00980798290339354
1.22281537957796,1.1523585319519,1.00816439080072
0.0200325453833649,0.0173789644613862,0.0284840713037655
0.0114174322158158,0.00463448232039809,0.0177635280700274
0.00835803998274775,0.00368887896183878,0.013686690290489
0.0202538193150389,0.0197151894681156,0.0282550693567281
0.00822096358437362,0.00145825871732086,0.0127118021861803
0.00466493636681305,0.000204087496967986,0.0088350323202851
1.24081100780764,1.20506101846695,1.02438031917142
0.306109885307651,0.254745483398438,0.298247977849138
0.0360209745369983,0.0308278556913137,0.0450266627223392
0.119963748830832,0.0998775660991669,0.129564970020961
0.00223827065634215,3.34042022132053e-06,0.00498860247679811
1.34412316451583,1.31668210029602,1.09766224696509
0.0100101112379952,0.00587153015658259,0.0151309416897253
0.0234148037489428,0.0152228469960392,0.0315272172342892
1.80707382575177e-05,0,0.000234369464768163
0.0157606616314895,0.00911442702636123,0.0228378844714637
1.40466691989753,1.36960542201996,1.13356217657148
0.00736768221792898,0.00210006482666358,0.0116231960705163
8.54273101044054e-09,0,3.834316292228e-06
0.00313049798810546,3.7344479096646e-05,0.00631718282699539
0.0037517409925224,4.26298283855431e-05,0.00756897178841845
0.00430541283142345,0.000402470512199216,0.00802023930141759
0.0220835778977608,0.0100618340075016,0.0297576157176596
1.82571360488252,1.69307255744934,1.41731774294387
0.00678459736354426,0.00300767604494467,0.0113115342912266
0.0257004963307979,0.0118465423583984,0.0355251485987018
0.0330950719441166,0.026024323888123,0.0418196779746597
0.0147041888575752,0.00981415901333094,0.0209974735650855
0.000327380351139089,3.10756287196973e-14,0.00138833061804832
0.652983923586079,0.55944299697876,0.595223880085828
0.0298148628280625,0.011742427945137,0.0395841762871595
0.0346794833417232,0.0198391713202,0.0435836623130318
0.00788977270226677,0.0038140321848914,0.0124477249812798
0.00489523977282261,0.000435424342867918,0.00909321102746889
0.236194422597409,0.202158972620964,0.237212468750197
0.00217615674084587,4.54476048616925e-06,0.00506035005586069
0.993158709975767,0.922949343919754,0.841241484494704
0.628593651829227,0.527408167719841,0.569988012155748
0.0135708403225175,0.0090659714769572,0.0199773951849283
1.66447802480038,1.58050143718719,1.31313539612484
0.634044072055366,0.533352553844452,0.57510217763157
1.83253993111967,1.73934578895569,1.42427663288736
2.81679147328555e-05,0,0.000269417790681
0.567093029634119,0.473705187439919,0.524159806815037
4.32019961868054e-06,0,0.000109490999661705
0.035603746038958,0.0310049671679735,0.0457331128342831
1.36115677837795,1.32852804660797,1.11668136847046
0.0156973559906638,0.00506222620606422,0.0219940450013726
0.00741774802416386,0.00106406700797379,0.01234523663389
0.000488516078926212,4.24136642690823e-12,0.0017638029048381
0.00482197114919916,5.371508996177e-05,0.0088655525293127
0.0132454176133422,0.00897822272963822,0.0196771732841422
0.01994494055132,0.0164515660144389,0.0270100167684555
0.0120224203787915,0.00937673263251781,0.0176576864485347
1.15832761998021,1.11398929357529,0.970593727611806
0.0123744537402835,0.00656554591841996,0.0188222857866818
1.30524159858374e-07,0,1.55005580586482e-05
0.000110066305992535,1.09349943246546e-24,0.000663041214391267
0.014561290089393,0.0059798345901072,0.0216699787779436
1.46122613349916,1.42331665754318,1.17777953526215
0.008310778117509,0.00165852077770978,0.0133233111915107
2.6780065103457,2.07731783390045,1.94228780423919
1.20503540207822,1.16363435983658,1.00707324237703
0.000325353946867364,4.35441475679464e-14,0.00141398991630365
0.610455008650459,0.528595805168152,0.551797445776292
0.0138459399651618,0.00589622603729367,0.0193438061314956
0.00033658198192904,1.61396812967563e-14,0.00137498354328984
6.01235284872227e-05,3.10324186370955e-33,0.000436642752058564
1.75493483962534e-07,0,1.92154546267354e-05
0.0257407975847048,0.0117596494965255,0.0328434582522176
0.0238714344389305,0.0190284783020616,0.0301546856518986
0.000712436519964149,1.46426828995239e-09,0.00222554346092111
1.90653359646786,1.80579078197479,1.4849237860158
0.00155369656632062,3.08706397333935e-07,0.003927009320189
0.097875644798163,0.0833660662174225,0.110068789049578
0.0330654582709303,0.0315119847655296,0.0425332681622592
0.0180399775302557,0.00279677065555006,0.0256314141562728
0.0054755978116595,8.08084041636903e-05,0.00986383970605713
0.00870635681655388,0.00151955999899656,0.0143824851925579
1.76792919328297,1.6605349779129,1.38801902428716
0.00354653463301243,0.000238180698943324,0.00707867915470148
1.1949930947474,1.12802714109421,0.98918083078736
0.0139987657769387,0.00389084219932556,0.0201966850694478
0.00117687883345166,5.88051465300055e-08,0.00321496392403381
2.48560350473273,2.0636430978775,1.83440086200543
0.455829296343636,0.369888231158257,0.424615889198382
0.0124890317219274,0.00540710822679102,0.0185029118610946
0.0706347685783443,0.0608472973108292,0.0823046268816669
0.369950283049945,0.306764498353004,0.35460293836995
0.430897935420269,0.358682662248611,0.414682891812487
0.0169212199031738,0.0059059401974082,0.0242309253548286
0.728662830036721,0.632516503334045,0.642977352664794
0.00783423860176895,0.00262157537508756,0.0119666376165898
0.0173813731976257,0.0119524002075195,0.0240277430113751
1.09143255759855,1.02929845452309,0.915794363286508
0.00127672643748033,1.77201407325356e-07,0.00330468798121465
0.000100999703939591,7.87871458952824e-26,0.000591775933941854
0.0157290019982774,0.0119547951035202,0.0233939981798309
0.000386948448393585,3.40706040040818e-13,0.00153538404526336
1.36605772449836,1.34041398763657,1.11151833723297
0.0160486062110515,0.0122427633032203,0.0236482640208721
0.00926312010873007,0.0015175364096649,0.0142950048937176
0.462267656412304,0.381667345762253,0.430658127885674
0.128838114072176,0.105939351022243,0.137392963270612
0.0123544406348886,0.00837003067135811,0.0183567483072394
0.00832196331585918,0.00382427929434925,0.0130715377244347
1.59713562978338,1.55100965499878,1.28191073845246
0.0209627444195727,0.0116963535547256,0.0292608876722994
0.0118989653723659,0.00953049096278846,0.018041558332861
0.0248283751620379,0.0101893078535795,0.0341204851458522
6.16204010517033e-09,0,3.3474632109547e-06
0.0116271994768225,0.00110624375520274,0.0176151954345695
4.09344131077028e-17,0,2.66511335950993e-10
1.8605424366123,1.75185167789459,1.44886465884509
0.151408793267226,0.128344532102346,0.158990678504934
0.735297715741188,0.636771202087402,0.652885299540665
2.15226925677399,1.90255254507065,1.61960916924292
0.0108622072824768,0.0038312510587275,0.0164460747998909
1.01769745196054,0.960364460945129,0.856859009607302
7.58755893583546e-05,1.81291096239298e-29,0.000556387279697037
0.0349726277299017,0.0328087573871017,0.0451592727603445
0.173416183199088,0.142049364745617,0.180693281262185
0.00742139452293428,0.00101034279214218,0.0120173104814218
1.4165342740225,1.38078814744949,1.14801552127724
0.0144691958113482,0.00237731490051374,0.0217776987357353
0.00613446320387911,0.00100441026734188,0.0102934037686149
0.00123263729521109,1.99972269854243e-07,0.00328735543215933
0.0887140119009356,0.0806156471371651,0.102136598195157
0.41518392457328,0.341948315501213,0.400435415382578
1.37938196104522,1.3447333574295,1.12500859935942
0.000512977439031829,3.45052109172565e-12,0.00172843418019216
0.0149115589055593,0.0139614487998188,0.0223030789764025
0.0050645495188108,0.000466972676804289,0.00939013374889487
1.23142877305735,1.18626940250397,1.02055958673288
0.00306078895769054,6.93536276230589e-05,0.0063539149979439
3.22238382492329,2.16616487503052,2.2757487538645
0.0199417834129136,0.00768804363906384,0.028320023281605
1.43257217100086e-05,0,0.00019994476394428
0.784067586623527,0.684400975704193,0.69172877315977
9.07019052187107e-06,0,0.000157541529123392
1.66167092269592,1.6070619225502,1.32198726191289
0.0263440682609683,0.0188842620700598,0.0346344434844135
0.568651255889423,0.471292972564697,0.52473558019325
0.000307398903282762,2.26041565467689e-15,0.0012601541727009
0.286487884326652,0.228766053915024,0.276575122474454
0.000343660258237667,8.27124022281822e-14,0.00140054865968608
0.00452660921122286,0.000176736357389018,0.00808460555128866
1.57096395396349,1.53242373466492,1.24830776186814
0.175835219468081,0.144140504300594,0.181694296543443
0.0126969575877912,0.0101946622598916,0.0183364641032612
0.0262387291981948,0.0219887588173151,0.0341228912304171
1.06594851621599,1.00075617432594,0.891364562833358
2.75346420114298,2.15055811405182,2.00422276081556
0.00460144829662344,0.000308414528262801,0.00854565145995374
1.45017756721403,1.43021017313004,1.17231198207447
0.276824806880882,0.229829683899879,0.274051104535564
0.0299330988530756,0.0100019332021475,0.0391102368583789
0.000867809579273561,2.98480667959566e-09,0.00251761111065285
0.384798626526614,0.315076217055321,0.370512342113332
0.0131535297425286,0.00532461167313159,0.0202236073100873
0.00324862274178507,2.14859710467863e-05,0.00690421305304541
0.0853979053800282,0.0680848881602287,0.097080363415473
0.0328548556929242,0.0152295897714794,0.0423115805483212
0.00739501992626287,0.00241606065537781,0.0129300370827521
2.57434368221095e-05,0,0.000265210975738229
0.000405717354099383,5.53254833032856e-13,0.00147642072610884
0.0374716903232496,0.0266057839617133,0.0471316433559135
0.000369058331942996,1.07040837646474e-13,0.00139008212199499
1.37156638433495,1.33776038885117,1.11461679115084
0.130369005966936,0.10869687050581,0.138699019896237
0.00794976001585038,0.000380886078346521,0.012695520310798
0.00750789556693126,0.00156636181054637,0.0126890971069011
0.000123012035562706,2.890627284711e-23,0.000751568039822843
0.0101882300280753,0.00188654870726168,0.0165243808149124
0.128400286307284,0.108710519969463,0.137129769188929
0.00012476348906718,3.41826229746971e-23,0.000684389771115054
1.13798305892436,1.09384030103683,0.947679633702543
0.00574015723226264,0.000837160478113219,0.00996980244591084
0.031066955871171,0.0284732403233647,0.039512665360791
2.11590689172696,1.89081543684006,1.61728755913885
0.0120821383015918,0.00409219972789288,0.0183589410453367
0.00125215378677829,6.25826803712926e-08,0.00311824337662605
0.0891757512343845,0.0749798193573952,0.0980433161255214
0.95599683453273,0.882777452468872,0.821474297376761
0.705075898129764,0.605853468179703,0.624888093920163
0.00118307944404066,3.10145651383209e-08,0.00299120929596597
0.0418989382181439,0.0365415792912245,0.0524602551781505
0.00720431252848451,0.00164458231301978,0.0117509955170676
0.740267831045414,0.646841764450073,0.653728642571797
0.00604187238405583,0.00161186291370541,0.0103469613601138
0.000157716204205708,3.36946173088309e-20,0.000812607108144906
6.30599192744417e-05,5.97532064601949e-32,0.000440116733656805
1.00748478856793,0.936428725719452,0.857191475274472
0.00773134520412171,0.00211484608007595,0.0129703721074577
1.42715037509008,1.38545835018158,1.16029755582674
0.00771925058873077,0.00149184674955904,0.0131786405555281
0.00525090103054254,0.000414201727835461,0.00925260594181359
0.234213576861959,0.187744252383709,0.242950320224972
4.68325717556906e-11,0,2.81093509741427e-07
0.00570518919758116,0.00170850253198296,0.0102086167089098
1.74393457996235,1.67033672332764,1.37644336565392
1.84371188403804,1.78094786405563,1.43139291881992
0.580961153959672,0.484029591083527,0.531067737286353
0.00299591675604224,2.18750392377842e-05,0.00630387881615953
0.00986953621820081,0.0048891658661887,0.0157441444333205
3.03160642988877e-05,0,0.000288796678100543
0.0387330904237367,0.0342485150322318,0.0495059635252468
0.0145700698106848,0.00730578391812742,0.0212632838236877
0.0131598891705993,0.00362515484448522,0.0192303902720146
0.0141037883166292,0.0120343030430377,0.0201118562170922
0.0214111983099295,0.00380550615955144,0.0302009788580327
0.00515438099806996,0.000362514809239656,0.00927972691129859
0.00227429112912536,6.17058753960009e-06,0.00486723861584948
0.0202332381336927,0.0156283765099943,0.0289536232269152
0.0163885655603273,0.0131862405687571,0.0236207235123923
1.78711364860038,1.68982428312302,1.38956308308682
2.05342745295386,1.84758996963501,1.56229538915009
0.00472544243418148,0.000207763885555323,0.00862267445584153
0.00455456211076237,0.000142434233566746,0.0084590380886504
0.00716690033855963,0.00162293267203495,0.0119454563181121
0.0234967103505157,0.0174515265971422,0.0318492508044907
0.0272448622606495,0.0270980726927519,0.0359181858233611
0.0260266894488603,0.0228547975420952,0.0347594752735855
0.0180307684638079,0.0117287035100162,0.0255261940267257
0.497026835752805,0.407134875655174,0.455843503512962
0.0169718484057181,0.0103105963207781,0.0245270463102762
0.0165070720575937,0.0152587834745646,0.0242190892222007
0.00134178615126826,9.36344193291916e-08,0.00351601912932567
0.00321159599774444,7.33532287995331e-05,0.0064672107242502
0.00911764482790416,0.00717602111399174,0.0145724029749212
0.00234003425369247,4.95447000048443e-06,0.00469128714318582
0.00161996041497013,6.47861824631946e-07,0.00388980403924319
0.0403051475234829,0.0250233942642808,0.05113190868662
0.00667306016492966,0.00106455985223874,0.0110018927923538
0.0087466565290311,0.00316150858998299,0.0141741672543696
1.25246974859004,1.19995146989822,1.03639491642981
0.000207286495637019,1.43237088689982e-18,0.000939450831749381
0.0131466826687475,0.00781745044514537,0.0200579470956203
0.00756436619450762,0.00202898198040202,0.0124260001844209
0.044534940506058,0.0386261828243732,0.0530806255067176
0.0006608998606302,1.20661117208876e-09,0.00224227753627989
0.00338591755626913,2.48030364673468e-05,0.00698075791848325
0.0258415015016817,0.0246788756921887,0.033867637432234
1.19561278023991,1.14817941188812,0.996709499500328
2.02820393588485,1.81474822759628,1.54045924197998
0.00434401344573248,0.000204604300961364,0.00791662873776391
1.07897952610046e-09,0,1.46566376813508e-06
0.00844036528350247,0.00252180546522141,0.0129057613925359
0.0748247220286673,0.0526192896068096,0.0849840124090128
0.0101334643574281,0.00220163865014911,0.015587242346018
0.00299185572631028,3.99029222535319e-05,0.0064151466873553
0.709809159287956,0.613119006156921,0.628443003471276
0.00158912871406568,8.91848259243488e-07,0.00364349060760801
0.202480550441427,0.168462291359901,0.205955912180905
0.101737387706109,0.0697613619267941,0.112582732426318
0.00515899806573602,0.000402697754907422,0.00877384571289774
0.0277337338377432,0.0157195250503719,0.0380817279351357
0.00811915710977523,0.000692741945385933,0.0131987302782019
0.00797836291218972,0.00180037767859176,0.0126781097869533
0.0193330415359175,0.0167120229452848,0.0273484582073628
0.0533700167999454,0.0441802442073822,0.0634072545454276
0.33906605190707,0.281178176403046,0.325666224037639
0.00011331660906824,3.80657336868395e-24,0.000682798842671643
1.31933318770799e-08,0,4.89550285264429e-06
0.0125552986220508,0.00949161336757243,0.0188960138783224
0.000195060330572042,1.75816304742548e-18,0.000911324190906468
0.00836179655261659,0.00517213949933648,0.0138570261759689
0.000776596243497448,1.97220201281212e-09,0.00232202661875128
0.00542440262379433,0.000760051043471321,0.00944085723696303
0.000190500801323783,9.97532425490379e-19,0.000974972071874524
0.0158295638506592,0.0129492147825658,0.0216636058596631
1.03632235744707,0.986226856708527,0.877417882734396
0.066190459083574,0.0465941466391087,0.079034390592432
0.20685743808258,0.169557265937328,0.217751999704118
0.00189664115630826,9.58891405389295e-07,0.00449682108167339
0.248534811268519,0.201485119760036,0.251146571057498
0.0101902974857703,0.00468074274249375,0.0159539139621769
0.0105511685266079,0.00270559743512422,0.0160215546753753
0.00185833379924791,7.43390017987622e-07,0.00411299286158852
0.00684400612963343,0.000537589308805764,0.0115652487792657
0.00438042533858016,9.74987997324206e-05,0.00867788425206809
0.00713818460981904,0.000819925626274198,0.0121647761017759
0.0013817937489673,2.83820753566033e-07,0.00344676954706143
1.78540545460359,1.69872850179672,1.41466641351953
1.33283119275706e-06,0,5.22277791241422e-05
1.03698059043655e-05,0,0.000180127445456569
1.18501051195904,1.14944350719452,0.979529634208838
0.0130104127673567,0.0087296306155622,0.0195184413947755
0.0455347238794992,0.0342152398079634,0.0569426898983193
0.00523606538771952,0.000369105284335092,0.00988977028404091
2.68512364098721e-06,0,7.48686555178196e-05
1.25603445728375e-05,0,0.000201018981308033
0.00343052844334852,6.24400654487545e-05,0.00719964612258815
1.649915697046,1.59007841348648,1.31786943852946
3.24406702625575e-06,0,9.04798956376556e-05
0.0114992180533844,0.0021963199833408,0.0174709597857396
0.745894173624304,0.655250161886215,0.654699502025626
0.188553887429718,0.161300852894783,0.192938902311958
0.00707147844461503,0.0021572953555733,0.0119320309038854
0.00461302118681496,0.000227351207286119,0.00876725983845962
1.84560436666353,1.72041553258896,1.4373941146816
1.08358907985959,1.00713205337524,0.910178134947359
1.2140867017019,1.17368686199188,1.00611401181908
0.0290909070158082,0.0235473159700632,0.0382429039718071
1.81637334016893,1.73603600263596,1.41372560855465
0.000257823343762844,2.93809772474895e-16,0.00108102978805985
1.78493710675145,1.71208888292313,1.40685576373955
0.0184174157829079,0.0132649042643607,0.0260353834601134
0.0026061901227222,7.2837307016016e-05,0.00572595776656376
0.0187509073584023,0.0164780975319445,0.026203286897423
0.00532290584191597,0.000302704458590597,0.00935855299927244
0.00378378469968712,0.000143291497806786,0.00747566733810343
1.68872577963292,1.63070911169052,1.3382940502912
0.263359715844538,0.220967710018158,0.267305653251459
1.31731704715541,1.28675442934036,1.09143872883194
0.000118939474929372,7.66999292317771e-24,0.000713225159573116
0.0176421221077002,0.00679437024518847,0.0254163921438204
0.0401603795123292,0.0300308568403125,0.0502954294078937
0.000731730575823351,7.15326589628695e-10,0.00222909430047805
0.000230639347557016,2.65733094237664e-17,0.0010791139746354
0.0233501194514522,0.0209117643535137,0.0320971812542955
7.93361833641349e-05,1.30477061723024e-28,0.000534202461039449
0.0402834977155422,0.032076601870358,0.0507936497875021
0.00194818875048957,2.29532588491566e-06,0.00429147380125107
0.00650170184466149,0.000558380561415106,0.0110432202518986
0.0024375242926418,8.68421625455085e-06,0.00545882383222474
0.0245374541096282,0.0179388588294387,0.0316236697853545
0.113477790361147,0.0985568314790726,0.123090201328871
0.061371846776394,0.0122398743405938,0.0712895024544653
0.0257815610282,0.0180547647178173,0.0329514359480881
0.974130650777227,0.898710012435913,0.825600965065246
1.70941601943256,1.63949626684189,1.33957889334427
0.069949417043234,0.0551312826573849,0.0795382050545834
0.00594731535458456,0.000484282805700786,0.0100690713024196
1.11350960967218,1.0680930018425,0.934699087903815
0.00039522073572945,5.03696463336444e-13,0.00136500036254659
0.55449472927241,0.462125480175018,0.51137711417445
0.00325176666435442,8.78869959706208e-05,0.00660149065863723
0.000148926913850929,2.39304077594712e-21,0.000820092023491676
0.00399689811181568,0.000105909475678345,0.00790991303008792
1.19985447169317,1.15423548221588,0.995585099010155
0.0107607683641196,0.005724445451051,0.0167047547941442
0.00782858645641286,0.00261097075417638,0.012853672638737
2.42327156495403,2.04789245128632,1.80135224160632
0.640601368610158,0.532758489251137,0.580492118087974
2.09432364210609,1.87481790781021,1.59726381459458
1.46020926668379,1.43257331848145,1.17354970600736
0.000632436901676217,1.15055841590217e-10,0.00209109847645966
0.0191249336733872,0.0144232041202486,0.0262758007774196
0.671271812166454,0.565231114625931,0.5964582245506
0.00212625994291343,3.67966720205004e-06,0.00448956376904789
0.0105790777195836,0.00805518799461424,0.0162530598290144
0.0346677500469754,0.0278614638373256,0.0450035170265067
1.60494074927788,1.55522328615189,1.27338905098741
0.050783418043147,0.0434820931404829,0.060387308509793
0.402528689502414,0.318396329879761,0.383424389006215
0.0218140022889556,0.0166240781545639,0.0302173887376638
2.56762259881997,2.02104508876801,1.88105946784593
0.014003655967724,0.0112608498893678,0.0217122746905955
0.0100201612350432,0.00299303152132779,0.0162705775895774
0.00708542835956106,0.00284031999763101,0.0122071993996633
0.00546734599613046,0.000489524798467755,0.0102646251207146
0.0102087929410456,0.00566050759516656,0.0162487405349632
0.913128592750242,0.818118363618851,0.785056371281136
0.023590576311689,0.0132179060019553,0.0313519758822991
0.171054254546206,0.138177663087845,0.179315639802969
0.956745639464524,0.88243356347084,0.822206137623041
0.0289805273010101,0.00744355353526771,0.0369182085065968
1.31482888293433,1.28269428014755,1.08333012723747
0.00772112759654128,0.000757198606152087,0.0123642751777285
0.824762594970387,0.723667353391647,0.720258296110727
0.00207773473418213,1.0537919251874e-05,0.00519020479424882
0.00177077273038006,9.87306520983111e-07,0.00422694444002276
1.52075090199154,1.49442684650421,1.22173177306319
0.0255418484911902,0.0144017920829356,0.0341340558188667
0.00284257901567565,2.74143067144905e-05,0.00580242474458504
0.0037005993048555,4.24057743657613e-05,0.00681975429660261
1.276816068068,1.2454639673233,1.04850165764602
0.0153900766195488,0.00976104708388448,0.0222828004023149
1.18758646033092,1.15780884027481,0.986694095457625
0.00381960780999477,0.000104397786344634,0.007764597788538
0.000464569143674206,2.07581703697913e-13,0.00169451521868817
0.0109713279276481,0.00662071630358696,0.0169605337674712
0.00084078660641895,8.83464718048899e-10,0.00235177833203667
7.99976928843598e-06,0,0.000141930179452396
0.476021938040427,0.386517763137817,0.441932230932968
0.0160163100099664,0.0122338831424713,0.0226492883914009
0.0018365817411948,8.21466187517217e-07,0.00443968433037607
1.77287145722913,1.70130586624146,1.39351178103426
0.00850468322746537,0.00589754257816821,0.014351822089471
0.0086116556160023,0.00274614919908345,0.0138855970164729
0.00922990735515904,0.0059531235601753,0.0148528705978236
0.835376495118693,0.749542981386185,0.72372012180452
0.0112461853581869,0.00575035274960101,0.0172042845373324
1.53731014837791,1.50161695480347,1.22739921631967
0.161629067487673,0.143039226531982,0.17098665298831
0.0565671724125647,0.0483767036348581,0.0665534747161637
1.06929278431583,1.00827187299728,0.898208263597994
1.5171173624888,1.47720116376877,1.22264107513982
0.00633573827857713,0.000533224898390472,0.0106089613975075
0.0185486810068887,0.0107219833880663,0.0255143739750516
0.00606276952437489,0.00108469143742695,0.0106389785159684
1.64374278442852,1.58335083723068,1.31318985802094
0.781511062921068,0.679969489574432,0.691538524023374
8.92130947365311e-06,0,0.000159068186835187
0.00386969999938832,0.000310469382384326,0.00765574283435371
0.0869538605062292,0.0788017176091671,0.0977139829172528
0.00616448761475321,0.00108312384691089,0.0104454198982676
1.94763555044579e-05,0,0.000244179547982448
2.43465327968607,2.1180419921875,1.80864813783808
0.00229410151313761,2.98859561098652e-06,0.00504211712751057
0.276776652184196,0.230866305530071,0.27771107064522
1.92740726921351,1.78112107515335,1.48345615521407
0.0466762103819947,0.0412067957222462,0.0537060195387805
1.95481464895703,1.81087875366211,1.49449681000701
0.00617027454383494,0.00165220448980108,0.0109201847252043
0.0188494991708942,0.0109215253032744,0.0264896151145983
0.0248835215232219,0.0215908763930202,0.03429109544094
0.00157452708356234,2.88358329214589e-07,0.00375692780621649
0.0104881029679685,0.00557955680415034,0.0163701753330124
0.00879208670340727,0.00315607176162302,0.0144350569512286
3.58108308770066e-10,0,7.81756920679993e-07
1.10169202027363,1.04355663061142,0.919865188417394
0.00600214530267635,0.00219998933607712,0.0106897819567308
0.0211582954838643,0.0163850500248373,0.0286684852661322
1.12593404857468,1.07976114749908,0.947471884519438
0.0162484811392489,0.0122387199662626,0.0235389669125698
1.38920423077555,1.36089783906937,1.1269343242245
0.025259237700355,0.0118083823472261,0.0339213774002684
0.00304975633307233,7.73277679400053e-05,0.0061042834044859
0.00261020367857113,9.55227960730554e-06,0.00529219243130637
2.61793761751137e-05,0,0.000274282255825474
0.000479949098786466,4.01989284416239e-12,0.00172814664425663
0.200193955612328,0.168651260435581,0.206180957818841
0.0281901739714352,0.0131338047794998,0.0374397767413436
4.40848005830444e-05,9.15249544053122e-39,0.000395312335242488
0.0161382628551527,0.0141372913494706,0.0228901724300944
1.65008575515974e-05,0,0.000231588441907456
0.933364665943953,0.854735791683197,0.800700150716432
1.11769991050958,1.07144558429718,0.932801538565364
0.0135150093516661,0.00819283002056181,0.0196874980644479
0.00769473273046457,0.00180286390241235,0.0132480606968065
0.0156627663558821,0.00793003011494875,0.0225846633593925
0.0102265982082486,0.00165746436687186,0.0156347740825285
0.0384010139761558,0.0283099506050348,0.0481880891567113
2.07382497509998,1.90196472406387,1.5788741061056
0.0101527865407592,0.00087208443437703,0.01610038898221
0.00482409849815421,0.000859831634443253,0.00932681268130511
1.39870847823338,1.36356049776077,1.13563028965494
0.000427784074311639,2.16205143523628e-12,0.00153593807030821
1.28454496468954,1.23698776960373,1.05735333293225
5.74487928129829e-06,0,0.000123723277013356
0.302925866697013,0.256665997207165,0.299191305258357
0.0140828485743884,0.0114857438020408,0.0204833971515862
0.0142691333203633,0.006901168031618,0.0212660884423712
1.26400277702377,1.21206778287888,1.04847249448491
0.00905984505095867,0.00298159767407924,0.0141179617305588
0.599778929880674,0.493966326117516,0.539578782250351
0.0263260243776685,0.0131333670578897,0.0355229401666481
0.0164256952015694,0.0100879459641874,0.0227649133070055
0.751664627891939,0.666256994009018,0.656507101704038
0.00715295162531797,0.00249403121415526,0.0122952556209949
3.51217812613577e-06,0,9.65737265620047e-05
0.000332298667978961,3.10185163585584e-14,0.00117445691791552
0.00453779468806034,0.000305711102555506,0.0080316224603636
8.27920305680454e-05,1.75294615479911e-28,0.000504828190664029
0.408197580833289,0.330516681075096,0.385732295896279
1.92982472846076,1.76512402296066,1.48639968951858
0.016200880823274,0.0129122859798372,0.0226153849825731
0.0159592850940847,0.0125743849202991,0.022045129649055
0.104025022097827,0.0903246365487576,0.116389202891279
0.0106668867599767,0.00350006576627493,0.0166594892860235
0.00802833585905519,0.00335312099196017,0.0135543852246777
2.13968539703838,1.93915319442749,1.63441424165354
0.0292946120798557,0.0286384792998433,0.0385621160341478
6.7055373548736e-05,3.51822147291695e-31,0.00050866468268285
0.20280143787981,0.169074788689613,0.203484559902888
0.00966616604564895,0.00136442837538198,0.0152313123282419
0.000167186922479891,3.03184566165791e-20,0.000901148332330463
0.0152755440336774,0.0119770858436823,0.0219137518346381
0.86934274646784,0.77872633934021,0.761258580300452
0.0456975366666068,0.0343510992825031,0.055115773147369
1.69479065809721,1.62479239702225,1.33307224252312
0.172469902077969,0.146321818232536,0.179094328612742
1.7288656258801,1.68616676330566,1.35738651261145
0.00724814482985506,0.000401955840061419,0.0121716710176703
1.21109866238511e-05,0,0.000162033862584362
0.014399226809901,0.0086708776652813,0.0210483984336581
0.00583276572184455,0.000995437032543123,0.0103678974084604
0.53690742762483,0.446261629462242,0.494979922583966
0.334392935177955,0.280580595135689,0.327118816574774
1.93593406095308,1.79368925094604,1.48764653713244
2.24487203595185,1.93208748102188,1.68242722923617
0.0155100748232763,0.00356118672061712,0.0220197334886487
0.0124933985556187,0.00487684621475637,0.0187572259072999
5.17868044101913e-05,9.40803000952291e-35,0.00041928346385993
0.039162597033671,0.0289815217256546,0.0471766840257931
0.0189621108570802,0.0125154620036483,0.025183153266191
0.00781928553839331,0.00230985053349286,0.013287966069256
0.000340057224396406,1.09935189673065e-14,0.00125716688549857
1.13890911924948e-05,0,0.000183579313886176
0.35480658983804,0.286176234483719,0.339766958627072
0.442233652493209,0.347527042031288,0.416864256692776
0.00285534745494351,5.95927649555961e-05,0.00600046784236656
1.48363828314464,1.45215654373169,1.18613158329286
0.0132449649815761,0.00757297896780074,0.0199051090560846
0.00275717438874847,1.58461484716099e-05,0.00538518950686179
0.901371610246441,0.824809342622757,0.774354804819148
1.93457708172788,1.81357043981552,1.49625301638756
2.49428326498055,2.19779539108276,1.84647402396856
0.0338076387431873,0.0225264709442854,0.0427625131584933
2.63637760159696e-05,0,0.000316619359857271
1.09128289413817,1.02936461567879,0.921775921014198
0.0144588124470723,0.0119841992855072,0.0215120947817207
1.54647620662277,1.50380492210388,1.23387803322468
0.00011209078867548,1.23916788105517e-24,0.000651839059640959
2.43742904577805e-06,0,7.16884782884684e-05
0.000126950933710489,1.45971036669477e-22,0.000727892200597941
0.015144995409531,0.0104171340353787,0.0219448421284642
0.0387842063209795,0.0280567668378353,0.0498462035219218
1.49318817756819,1.45785254240036,1.18982773690125
1.37494826298893e-06,0,5.34614128280715e-05
0.0221124908181635,0.0206519672647119,0.0299001357665389
6.58904451358793e-06,0,0.000124272642563032
0.00257330061160916,3.88799617212499e-06,0.00568640150837301
1.67078303847582,1.61896306276321,1.32643364072371
0.0136839731236953,0.00527897593565285,0.0205981884992098
0.000209460247034791,9.97192049392484e-18,0.00100096548810663
0.0233961178078175,0.0177745837718248,0.0307378590309687
0.00401585913812463,4.55137778772041e-05,0.00752669585410666
5.66147967737237e-06,0,0.000118938651949908
0.027733875886261,0.00452504772692919,0.0369176878715249
0.0203120634456733,0.00651677465066314,0.0275172816705918
0.0800259495208951,0.0697375275194645,0.091410670931497
1.3114354048652,1.26965481042862,1.06994737346885
0.651374189596454,0.550250828266144,0.579762657099306
0.259394389264083,0.221199125051498,0.258598900292083
0.0195485541266301,0.00266297766938806,0.0269630492959796
0.919733432482726,0.84258359670639,0.782344529272253
0.0076880136353155,0.000562646833714098,0.0125533489245837
1.42656328883164,1.39020717144012,1.15303524381897
0.642172879434296,0.549611389636993,0.580054020971203
0.0172573676943018,0.00802050088532269,0.0244920365863717
0.21060476943789,0.175758950412273,0.213830968355115
1.33194278518479,1.30253767967224,1.09907303329747
2.02000796822523,1.83858418464661,1.5453076658598
1.82021072391086e-09,0,1.75974168093126e-06
0.0124530880183809,0.00423197657801211,0.0190778173515356
0.000985868964528536,2.25172416823405e-09,0.00292559983227601
0.00406023709546235,0.000246281895670108,0.00777094307959747
0.0141665131333261,0.0126098296605051,0.0210877677869212
0.021663035104373,0.0226086312904954,0.0298799518814641
1.28145556335594,1.24883604049683,1.05040626215267
0.0208921473712702,0.0203697457909584,0.0294830251460169
7.08452502683584e-05,6.3469557921269e-31,0.000476052020554809
0.0139598307965274,0.00740990322083235,0.0195899161623603
0.0209921180519726,0.00854940339922905,0.0283094639610653
0.0077947907503679,0.000757119210902601,0.0131886800569449
0.00658744626908946,0.00061429591733031,0.0110506322744772
6.6021215410737e-06,0,0.000116425723088606
0.00626211418985179,0.000661852507619187,0.0108227338958139
2.4247297002232,2.00970822572708,1.79420616202412
0.00103965255245753,7.84624614169616e-08,0.00283497774290395
0.0792772931531918,0.0513182319700718,0.090696608997675
1.74236429536184,1.69934749603271,1.35704881714767
7.61326862330416e-05,8.04585038382585e-30,0.00054493395637627
1.68352081461361,1.58010655641556,1.3206029064445
0.00906876865123205,0.00172948878025636,0.0141826831496809
0.745088601140796,0.644190967082977,0.667913299480589
0.0145969672740337,0.00712873367592692,0.0201307988558244
1.42522411156665,1.39184296131134,1.15351919019271
1.61679539920192,1.56981909275055,1.28402435824659
4.32502292214017e-06,0,9.67082427061156e-05
6.25035502812757e-05,2.53318109268036e-32,0.00046968539979411
0.0166847902257689,0.00316552561707795,0.0239144389044789
1.28640288064836e-05,0,0.000181365994160597
0.0184738112534111,0.00922821694985032,0.0270410780406728
1.55212575383905,1.51815980672836,1.24168138535242
1.44513838859177e-05,0,0.000211986183897934
0.0204277199507482,0.0180539023131132,0.0291410790352793
0.0233797169526416,0.0135712423361838,0.0319110630910435
0.510947488593177,0.416935577988625,0.473346259624878
0.000643367077928088,3.77220026048786e-10,0.00221985688464311
0.0369998581630777,0.0275508463382721,0.0452367525653568
0.00138293782326333,2.38764421567339e-07,0.00348914715927611
4.37323465758189e-06,0,0.000112921820629521
0.417420249273197,0.329237550497055,0.392284242533956
1.00692466483199,0.946006566286087,0.856368834433203
0.00545585401086588,0.00123890329268761,0.0097432762167933
0.0211892704009797,0.0163203310221434,0.0278277919546339
0.010900542279778,0.00572556001134217,0.0167021820062606
0.0480948198553892,0.036420525982976,0.0583549473303029
0.0147454467500084,0.0134122357703745,0.0224017577085347
0.0184820352155117,0.0140777281485498,0.0255948731783746
1.1851838660515,1.13059604167938,0.985357355474629
0.00791806631090838,0.0020505057182163,0.0135006028541569
1.20849002845587,1.18136245012283,0.999793680145014
1.01622614841071,0.945768922567368,0.871854456086677
0.000432086484564541,1.12940670812973e-12,0.00161157739899543
0.66032337246526,0.56227120757103,0.59374553302309
0.00452191356630888,0.000213365696254186,0.00814483541509612
0.00446631064579083,1.06578409031499e-05,0.00865806683287719
0.603675221461605,0.507193073630333,0.554496813555028
0.54950373682084,0.462639853358269,0.507174219656153
0.00394980243943982,0.000182981413672678,0.00766842868291077
1.41200380325081e-06,0,4.6998241481136e-05
0.00547002723700865,0.000768414232879877,0.0100929940025023
0.000186082454778914,3.4160754122156e-19,0.000958181590466926
0.00026862375261142,5.6011708329288e-16,0.00117852941454375
0.0421141353035178,0.0342111457139254,0.0536771111883374
2.02465812297509,1.82680797576904,1.54750550584639
0.00473474481754783,0.000309787210426293,0.00848166061734273
0.000411432028405931,4.3524386162232e-13,0.00166223162813173
1.70487123145337,1.64406716823578,1.33812017898832
2.8077568193044e-05,0,0.00031934859938755
0.0227789472366416,0.0109298913739622,0.0306584521665998
0.941064205230729,0.871311902999878,0.805657442670757
0.446079342543963,0.367258667945862,0.429683124805342
1.19458839522317,1.14770716428757,0.992186138075904
1.38398787418988,1.3556262254715,1.12417268243762
4.47063837625053e-07,0,3.04886697422534e-05
0.100361494780487,0.0873460099101067,0.112363067739636
0.0194222151558075,0.00389160960912704,0.0264754106332084
0.0200622706729233,0.0105320452712476,0.027321606803054
0.00191087468822886,1.33921989231567e-06,0.0043325947650145
0.343149698934821,0.284719750285149,0.336096138303906
1.00438015264467,0.930368989706039,0.844488598547879
1.26147478751144,1.22824060916901,1.05294395893989
2.87623466904673,2.08794236183167,2.07359617799974
0.010916860408432,0.00443140044808388,0.0169764829096662
0.000611787273685014,6.58198131414656e-11,0.0021036051930394
0.00462663517226136,0.000212861581530888,0.0085971277609675
0.00981554216764155,0.00442568899597973,0.0164728577106637
0.00737240685116064,0.000731839070795104,0.0118456372857212
0.0021296182918433,1.1588281722652e-05,0.00446185662166028
0.75747452595469,0.658082455396652,0.665705455128964
0.000410825486602693,7.94092500360378e-13,0.00159822046880781
1.14794499098014,1.10187500715256,0.965365979113517
0.0169606186474275,0.0152034359052777,0.0245602895289369
8.65455464737592e-05,4.69009561547691e-28,0.000581848802577007
0.000553431202690785,1.21866341887614e-11,0.00185102202999576
0.00846807023481583,0.00587752263527364,0.0136170851209799
1.55238673753383,1.49231564998627,1.24707052992757
0.262973198650376,0.21455442160368,0.261475898533254
0.000139703395052643,2.85640893622271e-22,0.000773667190122493
0.0234873916613685,0.022632216103375,0.0321788733069244
0.0173040348185583,0.006183025194332,0.0249943445135191
0.0365996418823665,0.0260923644527793,0.0483892652540951
0.00047248939343144,1.37790642882208e-12,0.00160838355660954
0.00668838784341482,0.000209089783311356,0.0113415806777798
0.457178562921937,0.37844243645668,0.4369403496326
0.00828055303973951,0.00373830157332122,0.0127139296632467
0.479748097497822,0.396987989544868,0.444859281180928
1.45411395206305,1.41767197847366,1.16207646955908
0.00519179109068907,0.000326462250086479,0.00928005900987037
0.0174514486154292,0.013905399478972,0.0251827834791076
0.00435761120433684,0.000192722589417826,0.00828999074830366
1.08048803290955,1.0012820661068,0.90137770316194
6.78563756816025e-06,0,0.000114528830109676
0.886952987073424,0.805429220199585,0.76461074123774
0.00592578545599192,0.000625466869678348,0.0104093517389237
0.0378115558507768,0.0359422322362661,0.0472695125231666
0.932539956657432,0.849271297454834,0.806056712531173
1.98471925951342,1.82248967885971,1.51865780858871
0.000841121712592335,1.15587843463327e-09,0.00236064477405644
0.199652581972828,0.169964402914047,0.209024109685091
4.42592172988864e-07,0,2.99901035319215e-05
0.00878739167242633,0.00384641939308494,0.0146988734125348
0.000875889255923186,3.92381499514372e-09,0.00233641980914497
0.0086959436258226,0.0011959271505475,0.0138012254573793
0.00279661094745844,3.31767178067821e-05,0.00583712295892215
0.0069240364199096,0.000584838999202475,0.0120076854506316
0.0402711463650594,0.0312017435207963,0.0508979448574902
0.0155263540684996,0.0124513190239668,0.0228789231844607
0.0315967167894492,0.0296542420983315,0.042253315285841
0.183573487978331,0.151635468006134,0.190013835595081
0.120645136699719,0.0974717922508717,0.132279789204726
1.7553961169293,1.68649542331696,1.366184081239
0.972637069488113,0.897514313459396,0.824456537281028
0.00912266574942205,0.0038856363389641,0.0145716279081598
0.0589933472235673,0.0515695344656706,0.0692885538401841
1.33394341188379,1.29489356279373,1.0859427435013
0.0144741240003229,0.00441558053717017,0.021873474768035
1.72615863595037,1.67740720510483,1.36517266629408
0.683185567339946,0.585464000701904,0.608865623130963
0.0165990658006209,0.01509541971609,0.0239633455009613
5.01556028328879e-08,0,9.80959586768556e-06
1.34197137980397,1.30609929561615,1.10247658917713
0.0951322255518205,0.0262719970196486,0.109054769617739
0.00791219882199152,0.00113460019929335,0.0131073397128985
0.0599522081150362,0.0572015009820461,0.0723046138779704
0.00348345058353699,7.28981995052891e-05,0.00717611038399639
0.000476832333054501,4.07226926875739e-12,0.00173494937045236
0.621451739626063,0.509644955396652,0.567953138380059
0.0104726253925191,0.00291236548218876,0.0162364185509998
0.0023850579432932,9.70112955656077e-06,0.00493137589963448
0.0142497841888281,0.0107665960676968,0.0214466234619259
0.00277849000011464,2.06061185963335e-05,0.00577654325611944
0.000510456986239576,5.26867612038462e-12,0.00170603370136716
0.0072704725949263,0.00208095455309376,0.0114276610702488
0.016916809419062,0.0100196511484683,0.023092718557546
0.00127772780286623,6.39676773772635e-08,0.00355249297895299
0.197629132432451,0.163502290844917,0.204258937632973
0.00315018869323073,7.58683963795193e-05,0.00635104220897818
0.513076065601747,0.425568088889122,0.472247116368829
0.00028178942543629,9.80776438688325e-16,0.00121893263054269
0.007158957794398,0.00346649478888139,0.0120973518817769
1.479514712054,1.4465703368187,1.18682550904579
0.996946962929112,0.935377866029739,0.855790613706254
0.00559280692434309,0.0013880604528822,0.00975872648110124
0.971710034622867,0.908632278442383,0.823607873634454
0.941733119894748,0.84776571393013,0.808866758684772
0.0463479467263373,0.0434083081781864,0.0554001987350759
0.0375206257773595,0.0192349897697568,0.0466874995466187
0.365173780837824,0.300312772393227,0.345010718657732
2.17062734506934,1.90312629938126,1.65201433078236
0.230087102751706,0.188016302883625,0.230290349489608
0.025607084355122,0.0210921494290233,0.0345620801102664
1.66590052506408,1.61305212974548,1.31619302221901
0.0168040218487179,0.007244918262586,0.0232066441860088
0.015812492948325,0.00872122310101986,0.0224624557999753
0.0041227533195939,0.000175301356648561,0.0080560288398326
0.00854401664252901,0.00277229119092226,0.0135287587437093
0.325740364278007,0.257304646074772,0.315701208649654
0.00402083826196946,0.000416881506680511,0.00752084626339069
0.00888619673502823,0.00147098727757111,0.0137835113033329
0.151935680090403,0.126801062375307,0.157811294979526
0.0087089987783334,0.00129802135052159,0.0138954484941958
0.0129745212532129,0.00666885008104146,0.0182761383355664
0.0124607386088181,0.00776196410879493,0.0185892492708624
0.0698744944970981,0.0619826372712851,0.0799423126770602
0.000242025778371124,4.4539480939504e-17,0.00114706052017557
0.00112077427157071,4.50033637022784e-08,0.00290370494462269
0.423853127765292,0.359627828001976,0.407383247442041
0.0135518228835212,0.0112332254648209,0.019823746164959
3.28519524582126e-06,0,8.77928770523034e-05
0.0098250352334813,0.000983093719696626,0.0155085697197103
0.00631007982613896,0.00141041778260842,0.0115318305519479
0.0108610319420504,0.00474556465633214,0.0174657168439235
0.0214115172957263,0.0186034250073135,0.0288966751670997
0.00622167599811472,0.000626141059910879,0.0103081601773358
0.0286196452764552,0.0220623882487416,0.0372471212796036
0.535719952254218,0.44245171546936,0.49361040375607
1.79353137145808,1.73060756921768,1.40880579779682
0.0522916248317945,0.0437992550432682,0.0600912715702143
0.0181671303778062,0.0109237278811634,0.0266056904836758
0.0246782978072962,0.0162666542455554,0.033542162429133
1.59886041084534,1.55128902196884,1.28149792605139
0.715982113073847,0.609046131372452,0.639598562387154
1.28927957708481,1.25796091556549,1.05302374154013
0.0142683470649273,0.0120674236677587,0.0207641319120163
0.028304114299925,0.0235181776806712,0.0357423964165987
0.00138256563801623,8.36202307397116e-08,0.00372249277938921
0.00448875297581271,0.000366762615158223,0.00826601390451616
0.0869433730083409,0.075558066368103,0.0985794376350327
0.0136471480108713,0.0116903621237725,0.0188970471669994
1.21194321939407,1.17058575153351,0.996251816965874
0.474025143789972,0.38321490585804,0.446490116634448
0.0275711076693833,0.0163048547692597,0.036089131345852
0.0111694098112758,0.00107450387440622,0.0161533709895449
0.496443998473395,0.404458254575729,0.464023796420594
0.000726025627097455,2.76803906185119e-10,0.00212444696847357
0.000408470268060498,1.06832847689836e-12,0.00141657150340679
0.000238847825560334,2.78090808009352e-16,0.00104696726331345
0.0163606943680418,0.0129998028278351,0.0232437353303173
1.47549214973313,1.44834411144257,1.18717059649093
1.33273444603642,1.30165135860443,1.09287374582842
1.5284258433909,1.5001625418663,1.22919994850538
0.00892724870184077,0.00562373199500144,0.0145245240487805
0.00457492241111589,0.000265109032625332,0.0083914481018602
0.0368900980977394,0.0303636323660612,0.0482710793324031
0.02173947417648,0.0110221751965582,0.0291518177618383
0.539080517545717,0.441821187734604,0.504136850679873
0.0114056520821646,0.00686712912283838,0.0165959850142723
1.41387366993803,1.3630388379097,1.1485433956856
0.00207393444864632,7.80994923843537e-06,0.00468262338068299
0.0123340287351771,0.00297099456656724,0.0181800372020338
0.00223303545772513,7.70709220887511e-06,0.00501971435333858
0.978697791524243,0.914892017841339,0.834822331053292
0.0444640396583099,0.0345334950834513,0.0544190955669069
0.0365271640999292,0.0216240519657731,0.0449922807836701
0.010352072710906,0.00133736780844629,0.0164107474984401
0.0165756459389708,0.0116188577376306,0.0234364611506863
2.83200630761932,2.11045479774475,2.0477129240763
1.20203434214209,1.1425696015358,0.999343407431335
0.836082324510045,0.74446377158165,0.730365255870307
1.05115433815792,0.998190313577652,0.881391672047659
0.011774829825061,0.00632776995189488,0.018421895993073
2.22068096350076e-06,0,7.15484314168145e-05
1.134611514117,1.08350998163223,0.94653895358309
0.192204922004215,0.153717860579491,0.202122098630654
0.866915774429346,0.776307582855225,0.750967781881429
2.34158973635612e-05,0,0.000257229696685238
2.17128475205561,1.88826018571854,1.64214110004393
0.0109188573962438,0.00355561380274594,0.016419718322864
1.76508389460252,1.69133865833282,1.39232944767918
0.00576644327478185,0.000251687015406787,0.010237232492155
0.885184846385543,0.79725593328476,0.774809163632858
0.000266836731833819,2.46961615639222e-15,0.00118667188161167
0.000312550756529817,8.93963120040324e-15,0.00136236644335495
1.1489094156618,1.09358674287796,0.963696513193261
0.820381573672715,0.710378915071487,0.709799365116826
0.0110543413128723,0.00677571049891412,0.0169912198371358
1.42223838329631e-05,0,0.000199355023234746
0.00269339412376939,6.38309188616404e-06,0.00564612122799315
0.0028864226415258,1.20610689009482e-05,0.00578379147780651
0.00498031166631892,0.000252074540185276,0.00878903989539013
7.09952545560116e-06,0,0.00013965612266669
0.000916796346445978,4.43991349241557e-09,0.00274614928497204
0.0117589799742364,0.00982598750852048,0.0178992794764363
1.57751685171874,1.53424596786499,1.26602785090953
0.00549720107936512,0.000450528037617914,0.00997665241361709
0.00292330083039573,9.07606390683213e-05,0.00590392558579574
0.725016050567013,0.619096040725708,0.63834182343529
0.000467980062820706,5.78579816435526e-12,0.00159573942820112
0.0107767688713635,0.00800237362273037,0.0156308911000413
0.000531054344088586,8.37530088684812e-12,0.00172624392244685
0.0021689095009146,2.02739715859934e-06,0.00481780384828693
0.000107520397667892,2.51435420213704e-25,0.000659453216046176
0.000847027972313165,7.68007962781425e-10,0.00222778601849361
0.0101332109663736,0.00356435205321759,0.0159449737202148
0.00498855368506252,0.000189550257346127,0.00929406837237004
0.000468472269431498,3.19663444477668e-12,0.00161944240804241
0.00601506777607576,0.000985307153314352,0.0107601053677412
2.34038036567172e-09,0,2.07958492293732e-06
0.0073161782829116,0.00155243719927967,0.0128752048737419
1.49267473408764,1.46465253829956,1.1931218061243
1.1575496201446,1.11320406198502,0.968924703699689
0.00613929510526166,0.000533324666321278,0.0098964830681374
0.148303927907646,0.123538438230753,0.15979816306994
0.000822442444474471,7.09962998113323e-10,0.00247210668859448
0.0182076851689967,0.00677494937554002,0.0252879289970117
0.0115844501988224,0.00624170154333115,0.0174402713240221
0.0209133735214806,0.016438567545265,0.0266073984494749
0.173517321422543,0.143268756568432,0.181643340611628
0.410134178522989,0.342659428715706,0.390319722023665
0.0326181223217145,0.0264541078358889,0.0423146402335073
0.00021751589336866,1.70882925898508e-17,0.00107885010310698
0.013777249616053,0.00464456668123603,0.0212694577343495
1.14541467516952,1.09075254201889,0.950589895235438
0.434423185945772,0.34828919172287,0.409077630712204
0.000425470700048779,3.28211468894331e-13,0.00157935504892175
1.37761081345942,1.34103405475616,1.11688068846637
0.418357384673935,0.347190991044044,0.395985875923475
0.00653650748239682,0.000564986548852175,0.0111900223716972
0.385489223828084,0.31896784901619,0.368644568385634
0.0250825355728535,0.019334340468049,0.0335402078792709
0.0173229757333999,0.00532717467285693,0.0251131507586917
0.0105300540946364,0.00565277226269245,0.0165993620733959
0.0334166281016883,0.014669151045382,0.0414657839041478
0.00424910974875931,9.07056746655144e-05,0.00781300857236279
1.58056737440987,1.53449666500092,1.27074609882147
0.013020175057875,0.00799659499898553,0.0195991529042466
1.43917603915697e-08,0,4.9736665417914e-06
0.918464998172829,0.834990322589874,0.794027542971189
1.8651034529174,1.74050164222717,1.46323048846834
3.69979183237097e-05,3.73109729111126e-41,0.000333183979973264
0.00740676029237258,0.00108250015182421,0.012699238537479
0.0079756548933956,0.00120532169239596,0.0132947375674873
0.000327880504103229,5.978381702778e-15,0.00145253320986764
0.49207939505902,0.40387174487114,0.459818458232907
0.0355733249909597,0.0298436032608151,0.0451603901401466
0.0116768386128626,0.00517719495110214,0.0174046574722466
1.25699116776032,1.23218601942062,1.03808237713527
1.19026651135951,1.1280277967453,0.980440487946193
0.00676587715534516,0.00242996879387647,0.0121037045550618
1.8207569979012,1.71039187908173,1.43456791666775
0.374365105522291,0.308379501104355,0.355114601231475
0.0164893799343568,0.014601887203753,0.0236294675219278
8.49351172040131e-06,0,0.000148333619900414
0.750384531218052,0.644556432962418,0.664335015606526
1.63423294560846,1.62015527486801,1.29361679483642
0.0133237320394263,0.007609085412696,0.0195235883187438
0.561542786941404,0.456671833992004,0.523983572104949
0.0118432267563577,0.00440737861208618,0.0185710298442991
0.0261780409435808,0.0203905878588557,0.0342832454052052
0.00112151589256973,5.45255121053856e-08,0.00293964122838653
0.00997050576182699,0.00459453393705189,0.0151716752350966
0.476565248360421,0.395672306418419,0.447752397541009
0.00146592568452462,3.49284256628835e-07,0.00334808496773475
0.0221496925143,0.0201729256659746,0.0294562223277635
0.0039682594268249,0.000156311278260546,0.00747554774714579
2.31742622043483e-09,0,1.81728005458593e-06
0.0219727699291689,0.011013186071068,0.0291210513564913
0.025032427098133,0.0225557060912251,0.0334061679346783
0.00462128973804735,0.000422922530560754,0.00870436537016164
1.08625899809686,1.0294594168663,0.910739173101481
0.0117744711488505,0.0075650627259165,0.0193416952279112
0.0153952372025773,0.0139601984992623,0.0226160188534438
0.000307330593157196,3.30341409473167e-15,0.00124499040532048
0.0117375158337848,0.00717786676250398,0.018305162806943
0.00684259697734744,0.000952639937167987,0.0119506095620656
0.0225604620869826,0.0215669572353363,0.0299527693759756
1.19574474298092,1.15762734413147,0.994151810030977
0.656887099865219,0.565601408481598,0.593707181335308
0.00206017046369118,2.63360095686949e-06,0.00492416967514283
0.00304032812925184,2.2888433704793e-05,0.00625313522347195
0.0269631511856243,0.0220247348770499,0.0350473763684934
0.0367287112031965,0.0342469345778227,0.0469778229639246
0.0363316051552514,0.030750690959394,0.0470590980962039
1.92722986639219,1.7920628786087,1.48517071996146
5.08824290372975e-07,0,2.86843054912362e-05
0.0649185644815824,0.0545017328113317,0.0735013451910779
0.0108112975099791,0.00909129879437387,0.0167501509825632
1.76273106095495,1.7147541642189,1.3856217092999
0.0118720415308353,0.00681600533425808,0.0174859592606826
0.01527759082684,0.00504373828880489,0.0216162796718781
0.00693338943534433,0.00127274554688483,0.0116936937930737
